"N_EFF_Scenario","Rt","CFR_Crisis","VSL","Economic_Loss_BUSD"
2500000,1.1,0.5,1,61.1590909090909
2500000,1.1,0.5,3,183.477272727273
2500000,1.1,0.5,5,305.795454545455
2500000,1.1,0.55,1,66.6477272727273
2500000,1.1,0.55,3,199.943181818182
2500000,1.1,0.55,5,333.238636363637
2500000,1.1,0.6,1,72.1363636363637
2500000,1.1,0.6,3,216.409090909091
2500000,1.1,0.6,5,360.681818181818
2500000,1.1,0.65,1,77.625
2500000,1.1,0.65,3,232.875
2500000,1.1,0.65,5,388.125
2500000,1.1,0.7,1,83.1136363636364
2500000,1.1,0.7,3,249.340909090909
2500000,1.1,0.7,5,415.568181818182
2500000,1.1,0.75,1,88.6022727272728
2500000,1.1,0.75,3,265.806818181818
2500000,1.1,0.75,5,443.011363636364
2500000,1.1,0.8,1,94.0909090909091
2500000,1.1,0.8,3,282.272727272727
2500000,1.1,0.8,5,470.454545454546
2500000,1.1,0.85,1,99.5795454545455
2500000,1.1,0.85,3,298.738636363636
2500000,1.1,0.85,5,497.897727272727
2500000,1.5,0.5,1,224.25
2500000,1.5,0.5,3,672.75
2500000,1.5,0.5,5,1121.25
2500000,1.5,0.55,1,244.375
2500000,1.5,0.55,3,733.125
2500000,1.5,0.55,5,1221.875
2500000,1.5,0.6,1,264.5
2500000,1.5,0.6,3,793.5
2500000,1.5,0.6,5,1322.5
2500000,1.5,0.65,1,284.625
2500000,1.5,0.65,3,853.875
2500000,1.5,0.65,5,1423.125
2500000,1.5,0.7,1,304.75
2500000,1.5,0.7,3,914.25
2500000,1.5,0.7,5,1523.75
2500000,1.5,0.75,1,324.875
2500000,1.5,0.75,3,974.625
2500000,1.5,0.75,5,1624.375
2500000,1.5,0.8,1,345
2500000,1.5,0.8,3,1035
2500000,1.5,0.8,5,1725
2500000,1.5,0.85,1,365.125
2500000,1.5,0.85,3,1095.375
2500000,1.5,0.85,5,1825.625
2500000,1.9,0.5,1,318.671052631579
2500000,1.9,0.5,3,956.013157894737
2500000,1.9,0.5,5,1593.35526315789
2500000,1.9,0.55,1,347.269736842105
2500000,1.9,0.55,3,1041.80921052632
2500000,1.9,0.55,5,1736.34868421053
2500000,1.9,0.6,1,375.868421052632
2500000,1.9,0.6,3,1127.60526315789
2500000,1.9,0.6,5,1879.34210526316
2500000,1.9,0.65,1,404.467105263158
2500000,1.9,0.65,3,1213.40131578947
2500000,1.9,0.65,5,2022.33552631579
2500000,1.9,0.7,1,433.065789473684
2500000,1.9,0.7,3,1299.19736842105
2500000,1.9,0.7,5,2165.32894736842
2500000,1.9,0.75,1,461.66447368421
2500000,1.9,0.75,3,1384.99342105263
2500000,1.9,0.75,5,2308.32236842105
2500000,1.9,0.8,1,490.263157894737
2500000,1.9,0.8,3,1470.78947368421
2500000,1.9,0.8,5,2451.31578947368
2500000,1.9,0.85,1,518.861842105263
2500000,1.9,0.85,3,1556.58552631579
2500000,1.9,0.85,5,2594.30921052632
2500000,2.3,0.5,1,380.25
2500000,2.3,0.5,3,1140.75
2500000,2.3,0.5,5,1901.25
2500000,2.3,0.55,1,414.375
2500000,2.3,0.55,3,1243.125
2500000,2.3,0.55,5,2071.875
2500000,2.3,0.6,1,448.5
2500000,2.3,0.6,3,1345.5
2500000,2.3,0.6,5,2242.5
2500000,2.3,0.65,1,482.625
2500000,2.3,0.65,3,1447.875
2500000,2.3,0.65,5,2413.125
2500000,2.3,0.7,1,516.75
2500000,2.3,0.7,3,1550.25
2500000,2.3,0.7,5,2583.75
2500000,2.3,0.75,1,550.875
2500000,2.3,0.75,3,1652.625
2500000,2.3,0.75,5,2754.375
2500000,2.3,0.8,1,585
2500000,2.3,0.8,3,1755
2500000,2.3,0.8,5,2925
2500000,2.3,0.85,1,619.125
2500000,2.3,0.85,3,1857.375
2500000,2.3,0.85,5,3095.625
2500000,2.7,0.5,1,423.583333333333
2500000,2.7,0.5,3,1270.75
2500000,2.7,0.5,5,2117.91666666667
2500000,2.7,0.55,1,461.597222222222
2500000,2.7,0.55,3,1384.79166666667
2500000,2.7,0.55,5,2307.98611111111
2500000,2.7,0.6,1,499.611111111111
2500000,2.7,0.6,3,1498.83333333333
2500000,2.7,0.6,5,2498.05555555556
2500000,2.7,0.65,1,537.625
2500000,2.7,0.65,3,1612.875
2500000,2.7,0.65,5,2688.125
2500000,2.7,0.7,1,575.638888888889
2500000,2.7,0.7,3,1726.91666666667
2500000,2.7,0.7,5,2878.19444444444
2500000,2.7,0.75,1,613.652777777778
2500000,2.7,0.75,3,1840.95833333333
2500000,2.7,0.75,5,3068.26388888889
2500000,2.7,0.8,1,651.666666666667
2500000,2.7,0.8,3,1955
2500000,2.7,0.8,5,3258.33333333333
2500000,2.7,0.85,1,689.680555555556
2500000,2.7,0.85,3,2069.04166666667
2500000,2.7,0.85,5,3448.40277777778
2500000,3.1,0.5,1,455.733870967742
2500000,3.1,0.5,3,1367.20161290323
2500000,3.1,0.5,5,2278.66935483871
2500000,3.1,0.55,1,496.633064516129
2500000,3.1,0.55,3,1489.89919354839
2500000,3.1,0.55,5,2483.16532258065
2500000,3.1,0.6,1,537.532258064516
2500000,3.1,0.6,3,1612.59677419355
2500000,3.1,0.6,5,2687.66129032258
2500000,3.1,0.65,1,578.431451612903
2500000,3.1,0.65,3,1735.29435483871
2500000,3.1,0.65,5,2892.15725806452
2500000,3.1,0.7,1,619.33064516129
2500000,3.1,0.7,3,1857.99193548387
2500000,3.1,0.7,5,3096.65322580645
2500000,3.1,0.75,1,660.229838709677
2500000,3.1,0.75,3,1980.68951612903
2500000,3.1,0.75,5,3301.14919354839
2500000,3.1,0.8,1,701.129032258065
2500000,3.1,0.8,3,2103.38709677419
2500000,3.1,0.8,5,3505.64516129032
2500000,3.1,0.85,1,742.028225806452
2500000,3.1,0.85,3,2226.08467741936
2500000,3.1,0.85,5,3710.14112903226
2500000,3.5,0.5,1,480.535714285714
2500000,3.5,0.5,3,1441.60714285714
2500000,3.5,0.5,5,2402.67857142857
2500000,3.5,0.55,1,523.660714285714
2500000,3.5,0.55,3,1570.98214285714
2500000,3.5,0.55,5,2618.30357142857
2500000,3.5,0.6,1,566.785714285714
2500000,3.5,0.6,3,1700.35714285714
2500000,3.5,0.6,5,2833.92857142857
2500000,3.5,0.65,1,609.910714285714
2500000,3.5,0.65,3,1829.73214285714
2500000,3.5,0.65,5,3049.55357142857
2500000,3.5,0.7,1,653.035714285714
2500000,3.5,0.7,3,1959.10714285714
2500000,3.5,0.7,5,3265.17857142857
2500000,3.5,0.75,1,696.160714285714
2500000,3.5,0.75,3,2088.48214285714
2500000,3.5,0.75,5,3480.80357142857
2500000,3.5,0.8,1,739.285714285714
2500000,3.5,0.8,3,2217.85714285714
2500000,3.5,0.8,5,3696.42857142857
2500000,3.5,0.85,1,782.410714285714
2500000,3.5,0.85,3,2347.23214285714
2500000,3.5,0.85,5,3912.05357142857
5e+06,1.1,0.5,1,122.318181818182
5e+06,1.1,0.5,3,366.954545454546
5e+06,1.1,0.5,5,611.590909090909
5e+06,1.1,0.55,1,133.295454545455
5e+06,1.1,0.55,3,399.886363636364
5e+06,1.1,0.55,5,666.477272727273
5e+06,1.1,0.6,1,144.272727272727
5e+06,1.1,0.6,3,432.818181818182
5e+06,1.1,0.6,5,721.363636363637
5e+06,1.1,0.65,1,155.25
5e+06,1.1,0.65,3,465.75
5e+06,1.1,0.65,5,776.25
5e+06,1.1,0.7,1,166.227272727273
5e+06,1.1,0.7,3,498.681818181818
5e+06,1.1,0.7,5,831.136363636364
5e+06,1.1,0.75,1,177.204545454546
5e+06,1.1,0.75,3,531.613636363637
5e+06,1.1,0.75,5,886.022727272728
5e+06,1.1,0.8,1,188.181818181818
5e+06,1.1,0.8,3,564.545454545455
5e+06,1.1,0.8,5,940.909090909091
5e+06,1.1,0.85,1,199.159090909091
5e+06,1.1,0.85,3,597.477272727273
5e+06,1.1,0.85,5,995.795454545455
5e+06,1.5,0.5,1,448.5
5e+06,1.5,0.5,3,1345.5
5e+06,1.5,0.5,5,2242.5
5e+06,1.5,0.55,1,488.75
5e+06,1.5,0.55,3,1466.25
5e+06,1.5,0.55,5,2443.75
5e+06,1.5,0.6,1,529
5e+06,1.5,0.6,3,1587
5e+06,1.5,0.6,5,2645
5e+06,1.5,0.65,1,569.25
5e+06,1.5,0.65,3,1707.75
5e+06,1.5,0.65,5,2846.25
5e+06,1.5,0.7,1,609.5
5e+06,1.5,0.7,3,1828.5
5e+06,1.5,0.7,5,3047.5
5e+06,1.5,0.75,1,649.75
5e+06,1.5,0.75,3,1949.25
5e+06,1.5,0.75,5,3248.75
5e+06,1.5,0.8,1,690
5e+06,1.5,0.8,3,2070
5e+06,1.5,0.8,5,3450
5e+06,1.5,0.85,1,730.25
5e+06,1.5,0.85,3,2190.75
5e+06,1.5,0.85,5,3651.25
5e+06,1.9,0.5,1,637.342105263158
5e+06,1.9,0.5,3,1912.02631578947
5e+06,1.9,0.5,5,3186.71052631579
5e+06,1.9,0.55,1,694.53947368421
5e+06,1.9,0.55,3,2083.61842105263
5e+06,1.9,0.55,5,3472.69736842105
5e+06,1.9,0.6,1,751.736842105263
5e+06,1.9,0.6,3,2255.21052631579
5e+06,1.9,0.6,5,3758.68421052632
5e+06,1.9,0.65,1,808.934210526316
5e+06,1.9,0.65,3,2426.80263157895
5e+06,1.9,0.65,5,4044.67105263158
5e+06,1.9,0.7,1,866.131578947368
5e+06,1.9,0.7,3,2598.39473684211
5e+06,1.9,0.7,5,4330.65789473684
5e+06,1.9,0.75,1,923.328947368421
5e+06,1.9,0.75,3,2769.98684210526
5e+06,1.9,0.75,5,4616.64473684211
5e+06,1.9,0.8,1,980.526315789474
5e+06,1.9,0.8,3,2941.57894736842
5e+06,1.9,0.8,5,4902.63157894737
5e+06,1.9,0.85,1,1037.72368421053
5e+06,1.9,0.85,3,3113.17105263158
5e+06,1.9,0.85,5,5188.61842105263
5e+06,2.3,0.5,1,760.5
5e+06,2.3,0.5,3,2281.5
5e+06,2.3,0.5,5,3802.5
5e+06,2.3,0.55,1,828.75
5e+06,2.3,0.55,3,2486.25
5e+06,2.3,0.55,5,4143.75
5e+06,2.3,0.6,1,897
5e+06,2.3,0.6,3,2691
5e+06,2.3,0.6,5,4485
5e+06,2.3,0.65,1,965.25
5e+06,2.3,0.65,3,2895.75
5e+06,2.3,0.65,5,4826.25
5e+06,2.3,0.7,1,1033.5
5e+06,2.3,0.7,3,3100.5
5e+06,2.3,0.7,5,5167.5
5e+06,2.3,0.75,1,1101.75
5e+06,2.3,0.75,3,3305.25
5e+06,2.3,0.75,5,5508.75
5e+06,2.3,0.8,1,1170
5e+06,2.3,0.8,3,3510
5e+06,2.3,0.8,5,5850
5e+06,2.3,0.85,1,1238.25
5e+06,2.3,0.85,3,3714.75
5e+06,2.3,0.85,5,6191.25
5e+06,2.7,0.5,1,847.166666666667
5e+06,2.7,0.5,3,2541.5
5e+06,2.7,0.5,5,4235.83333333333
5e+06,2.7,0.55,1,923.194444444445
5e+06,2.7,0.55,3,2769.58333333333
5e+06,2.7,0.55,5,4615.97222222222
5e+06,2.7,0.6,1,999.222222222222
5e+06,2.7,0.6,3,2997.66666666667
5e+06,2.7,0.6,5,4996.11111111111
5e+06,2.7,0.65,1,1075.25
5e+06,2.7,0.65,3,3225.75
5e+06,2.7,0.65,5,5376.25
5e+06,2.7,0.7,1,1151.27777777778
5e+06,2.7,0.7,3,3453.83333333333
5e+06,2.7,0.7,5,5756.38888888889
5e+06,2.7,0.75,1,1227.30555555556
5e+06,2.7,0.75,3,3681.91666666667
5e+06,2.7,0.75,5,6136.52777777778
5e+06,2.7,0.8,1,1303.33333333333
5e+06,2.7,0.8,3,3910
5e+06,2.7,0.8,5,6516.66666666667
5e+06,2.7,0.85,1,1379.36111111111
5e+06,2.7,0.85,3,4138.08333333333
5e+06,2.7,0.85,5,6896.80555555556
5e+06,3.1,0.5,1,911.467741935484
5e+06,3.1,0.5,3,2734.40322580645
5e+06,3.1,0.5,5,4557.33870967742
5e+06,3.1,0.55,1,993.266129032258
5e+06,3.1,0.55,3,2979.79838709678
5e+06,3.1,0.55,5,4966.33064516129
5e+06,3.1,0.6,1,1075.06451612903
5e+06,3.1,0.6,3,3225.1935483871
5e+06,3.1,0.6,5,5375.32258064516
5e+06,3.1,0.65,1,1156.86290322581
5e+06,3.1,0.65,3,3470.58870967742
5e+06,3.1,0.65,5,5784.31451612903
5e+06,3.1,0.7,1,1238.66129032258
5e+06,3.1,0.7,3,3715.98387096774
5e+06,3.1,0.7,5,6193.3064516129
5e+06,3.1,0.75,1,1320.45967741935
5e+06,3.1,0.75,3,3961.37903225807
5e+06,3.1,0.75,5,6602.29838709678
5e+06,3.1,0.8,1,1402.25806451613
5e+06,3.1,0.8,3,4206.77419354839
5e+06,3.1,0.8,5,7011.29032258065
5e+06,3.1,0.85,1,1484.0564516129
5e+06,3.1,0.85,3,4452.16935483871
5e+06,3.1,0.85,5,7420.28225806452
5e+06,3.5,0.5,1,961.071428571429
5e+06,3.5,0.5,3,2883.21428571429
5e+06,3.5,0.5,5,4805.35714285714
5e+06,3.5,0.55,1,1047.32142857143
5e+06,3.5,0.55,3,3141.96428571429
5e+06,3.5,0.55,5,5236.60714285714
5e+06,3.5,0.6,1,1133.57142857143
5e+06,3.5,0.6,3,3400.71428571429
5e+06,3.5,0.6,5,5667.85714285714
5e+06,3.5,0.65,1,1219.82142857143
5e+06,3.5,0.65,3,3659.46428571429
5e+06,3.5,0.65,5,6099.10714285714
5e+06,3.5,0.7,1,1306.07142857143
5e+06,3.5,0.7,3,3918.21428571429
5e+06,3.5,0.7,5,6530.35714285714
5e+06,3.5,0.75,1,1392.32142857143
5e+06,3.5,0.75,3,4176.96428571429
5e+06,3.5,0.75,5,6961.60714285714
5e+06,3.5,0.8,1,1478.57142857143
5e+06,3.5,0.8,3,4435.71428571429
5e+06,3.5,0.8,5,7392.85714285714
5e+06,3.5,0.85,1,1564.82142857143
5e+06,3.5,0.85,3,4694.46428571429
5e+06,3.5,0.85,5,7824.10714285714
7500000,1.1,0.5,1,183.477272727273
7500000,1.1,0.5,3,550.431818181818
7500000,1.1,0.5,5,917.386363636364
7500000,1.1,0.55,1,199.943181818182
7500000,1.1,0.55,3,599.829545454546
7500000,1.1,0.55,5,999.715909090909
7500000,1.1,0.6,1,216.409090909091
7500000,1.1,0.6,3,649.227272727273
7500000,1.1,0.6,5,1082.04545454545
7500000,1.1,0.65,1,232.875
7500000,1.1,0.65,3,698.625
7500000,1.1,0.65,5,1164.375
7500000,1.1,0.7,1,249.340909090909
7500000,1.1,0.7,3,748.022727272727
7500000,1.1,0.7,5,1246.70454545455
7500000,1.1,0.75,1,265.806818181818
7500000,1.1,0.75,3,797.420454545455
7500000,1.1,0.75,5,1329.03409090909
7500000,1.1,0.8,1,282.272727272727
7500000,1.1,0.8,3,846.818181818182
7500000,1.1,0.8,5,1411.36363636364
7500000,1.1,0.85,1,298.738636363636
7500000,1.1,0.85,3,896.215909090909
7500000,1.1,0.85,5,1493.69318181818
7500000,1.5,0.5,1,672.75
7500000,1.5,0.5,3,2018.25
7500000,1.5,0.5,5,3363.75
7500000,1.5,0.55,1,733.125
7500000,1.5,0.55,3,2199.375
7500000,1.5,0.55,5,3665.625
7500000,1.5,0.6,1,793.5
7500000,1.5,0.6,3,2380.5
7500000,1.5,0.6,5,3967.5
7500000,1.5,0.65,1,853.875
7500000,1.5,0.65,3,2561.625
7500000,1.5,0.65,5,4269.375
7500000,1.5,0.7,1,914.25
7500000,1.5,0.7,3,2742.75
7500000,1.5,0.7,5,4571.25
7500000,1.5,0.75,1,974.625
7500000,1.5,0.75,3,2923.875
7500000,1.5,0.75,5,4873.125
7500000,1.5,0.8,1,1035
7500000,1.5,0.8,3,3105
7500000,1.5,0.8,5,5175
7500000,1.5,0.85,1,1095.375
7500000,1.5,0.85,3,3286.125
7500000,1.5,0.85,5,5476.875
7500000,1.9,0.5,1,956.013157894737
7500000,1.9,0.5,3,2868.03947368421
7500000,1.9,0.5,5,4780.06578947368
7500000,1.9,0.55,1,1041.80921052632
7500000,1.9,0.55,3,3125.42763157895
7500000,1.9,0.55,5,5209.04605263158
7500000,1.9,0.6,1,1127.60526315789
7500000,1.9,0.6,3,3382.81578947368
7500000,1.9,0.6,5,5638.02631578947
7500000,1.9,0.65,1,1213.40131578947
7500000,1.9,0.65,3,3640.20394736842
7500000,1.9,0.65,5,6067.00657894737
7500000,1.9,0.7,1,1299.19736842105
7500000,1.9,0.7,3,3897.59210526316
7500000,1.9,0.7,5,6495.98684210526
7500000,1.9,0.75,1,1384.99342105263
7500000,1.9,0.75,3,4154.98026315789
7500000,1.9,0.75,5,6924.96710526316
7500000,1.9,0.8,1,1470.78947368421
7500000,1.9,0.8,3,4412.36842105263
7500000,1.9,0.8,5,7353.94736842105
7500000,1.9,0.85,1,1556.58552631579
7500000,1.9,0.85,3,4669.75657894737
7500000,1.9,0.85,5,7782.92763157895
7500000,2.3,0.5,1,1140.75
7500000,2.3,0.5,3,3422.25
7500000,2.3,0.5,5,5703.75
7500000,2.3,0.55,1,1243.125
7500000,2.3,0.55,3,3729.375
7500000,2.3,0.55,5,6215.625
7500000,2.3,0.6,1,1345.5
7500000,2.3,0.6,3,4036.5
7500000,2.3,0.6,5,6727.5
7500000,2.3,0.65,1,1447.875
7500000,2.3,0.65,3,4343.625
7500000,2.3,0.65,5,7239.375
7500000,2.3,0.7,1,1550.25
7500000,2.3,0.7,3,4650.75
7500000,2.3,0.7,5,7751.25
7500000,2.3,0.75,1,1652.625
7500000,2.3,0.75,3,4957.875
7500000,2.3,0.75,5,8263.125
7500000,2.3,0.8,1,1755
7500000,2.3,0.8,3,5265
7500000,2.3,0.8,5,8775
7500000,2.3,0.85,1,1857.375
7500000,2.3,0.85,3,5572.125
7500000,2.3,0.85,5,9286.875
7500000,2.7,0.5,1,1270.75
7500000,2.7,0.5,3,3812.25
7500000,2.7,0.5,5,6353.75
7500000,2.7,0.55,1,1384.79166666667
7500000,2.7,0.55,3,4154.375
7500000,2.7,0.55,5,6923.95833333333
7500000,2.7,0.6,1,1498.83333333333
7500000,2.7,0.6,3,4496.5
7500000,2.7,0.6,5,7494.16666666667
7500000,2.7,0.65,1,1612.875
7500000,2.7,0.65,3,4838.625
7500000,2.7,0.65,5,8064.375
7500000,2.7,0.7,1,1726.91666666667
7500000,2.7,0.7,3,5180.75
7500000,2.7,0.7,5,8634.58333333333
7500000,2.7,0.75,1,1840.95833333333
7500000,2.7,0.75,3,5522.875
7500000,2.7,0.75,5,9204.79166666667
7500000,2.7,0.8,1,1955
7500000,2.7,0.8,3,5865
7500000,2.7,0.8,5,9775
7500000,2.7,0.85,1,2069.04166666667
7500000,2.7,0.85,3,6207.125
7500000,2.7,0.85,5,10345.2083333333
7500000,3.1,0.5,1,1367.20161290323
7500000,3.1,0.5,3,4101.60483870968
7500000,3.1,0.5,5,6836.00806451613
7500000,3.1,0.55,1,1489.89919354839
7500000,3.1,0.55,3,4469.69758064516
7500000,3.1,0.55,5,7449.49596774194
7500000,3.1,0.6,1,1612.59677419355
7500000,3.1,0.6,3,4837.79032258065
7500000,3.1,0.6,5,8062.98387096774
7500000,3.1,0.65,1,1735.29435483871
7500000,3.1,0.65,3,5205.88306451613
7500000,3.1,0.65,5,8676.47177419355
7500000,3.1,0.7,1,1857.99193548387
7500000,3.1,0.7,3,5573.97580645161
7500000,3.1,0.7,5,9289.95967741936
7500000,3.1,0.75,1,1980.68951612903
7500000,3.1,0.75,3,5942.0685483871
7500000,3.1,0.75,5,9903.44758064516
7500000,3.1,0.8,1,2103.38709677419
7500000,3.1,0.8,3,6310.16129032258
7500000,3.1,0.8,5,10516.935483871
7500000,3.1,0.85,1,2226.08467741936
7500000,3.1,0.85,3,6678.25403225806
7500000,3.1,0.85,5,11130.4233870968
7500000,3.5,0.5,1,1441.60714285714
7500000,3.5,0.5,3,4324.82142857143
7500000,3.5,0.5,5,7208.03571428571
7500000,3.5,0.55,1,1570.98214285714
7500000,3.5,0.55,3,4712.94642857143
7500000,3.5,0.55,5,7854.91071428572
7500000,3.5,0.6,1,1700.35714285714
7500000,3.5,0.6,3,5101.07142857143
7500000,3.5,0.6,5,8501.78571428572
7500000,3.5,0.65,1,1829.73214285714
7500000,3.5,0.65,3,5489.19642857143
7500000,3.5,0.65,5,9148.66071428572
7500000,3.5,0.7,1,1959.10714285714
7500000,3.5,0.7,3,5877.32142857143
7500000,3.5,0.7,5,9795.53571428571
7500000,3.5,0.75,1,2088.48214285714
7500000,3.5,0.75,3,6265.44642857143
7500000,3.5,0.75,5,10442.4107142857
7500000,3.5,0.8,1,2217.85714285714
7500000,3.5,0.8,3,6653.57142857143
7500000,3.5,0.8,5,11089.2857142857
7500000,3.5,0.85,1,2347.23214285714
7500000,3.5,0.85,3,7041.69642857143
7500000,3.5,0.85,5,11736.1607142857
