"patient_id","pathogen","age","incubation_days","presymptomatic_shedding","tourism_mobility","exposure_route","care_avoidance","platelets_count","white_blood_cells","hospital_stay_days","household_sar","clinical_outcome"
1,"Influenza_H5N1",33,1,"1","Host_City","0","1",241672,6008,15,44,"0"
2,"Influenza_H5N1",39,3,"1","Host_City","0","0",254767,7362,17,41,"0"
3,"Influenza_H5N1",67,4,"1","Tourist_Corridor","0","0",264359,10022,7,63,"0"
4,"Influenza_H5N1",69,2,"1","Tourist_Corridor","0","1",207604,6198,14,40,"0"
5,"Influenza_H5N1",54,3,"1","Host_City","0","1",233907,7103,13,41,"0"
6,"Influenza_H5N1",32,1,"1","Host_City","0","1",228680,10385,11,37,"0"
7,"Influenza_H5N1",39,4,"0","Host_City","0","0",250031,6056,13,43,"0"
8,"Influenza_H5N1",18,1,"1","Host_City","0","1",139471,7842,10,45,"0"
9,"Influenza_H5N1",53,2,"0","Host_City","0","1",170427,7432,18,37,"0"
10,"Influenza_H5N1",45,4,"1","Host_City","0","1",197211,5841,12,35,"0"
11,"Influenza_H5N1",27,2,"1","Host_City","0","0",257576,8133,10,41,"0"
12,"Influenza_H5N1",28,1,"0","Tourist_Corridor","0","0",188248,8592,9,55,"0"
13,"Influenza_H5N1",46,2,"1","Tourist_Corridor","0","0",218374,7224,10,33,"0"
14,"Influenza_H5N1",33,1,"1","Host_City","0","0",285794,7742,10,35,"0"
15,"Influenza_H5N1",16,4,"1","Host_City","0","0",189660,6209,18,38,"0"
16,"Influenza_H5N1",34,6,"1","Tourist_Corridor","0","0",238372,7556,12,30,"0"
17,"Influenza_H5N1",36,3,"0","Host_City","0","0",212987,7707,10,30,"0"
18,"Influenza_H5N1",20,1,"1","Tourist_Corridor","0","1",190917,10015,11,43,"0"
19,"Influenza_H5N1",16,2,"0","Host_City","0","1",245863,8923,11,38,"0"
20,"Influenza_H5N1",52,1,"0","Host_City","0","1",299794,7493,15,41,"0"
21,"Influenza_H5N1",52,2,"1","Host_City","0","1",200705,10170,14,35,"0"
22,"Influenza_H5N1",54,1,"0","Host_City","0","0",169163,7497,10,52,"0"
23,"Influenza_H5N1",19,1,"1","Tourist_Corridor","0","0",322511,7199,9,39,"0"
24,"Influenza_H5N1",58,3,"1","Tourist_Corridor","0","0",227465,9727,9,27,"0"
25,"Influenza_H5N1",37,4,"1","Tourist_Corridor","0","0",268481,9992,5,37,"0"
26,"Influenza_H5N1",38,3,"1","Host_City","0","0",238884,5517,13,40,"0"
27,"Influenza_H5N1",43,3,"0","Tourist_Corridor","0","0",246338,8425,12,23,"0"
28,"Influenza_H5N1",16,1,"0","Host_City","0","0",267268,7445,9,44,"0"
29,"Influenza_H5N1",19,1,"0","Host_City","0","0",219608,5905,18,34,"0"
30,"Influenza_H5N1",36,1,"1","Tourist_Corridor","0","1",247500,6466,7,49,"0"
31,"Influenza_H5N1",34,1,"1","Tourist_Corridor","0","0",262639,9897,15,42,"0"
32,"Influenza_H5N1",24,1,"1","Tourist_Corridor","0","1",196379,7539,11,21,"0"
33,"Influenza_H5N1",35,2,"0","Tourist_Corridor","0","0",310896,4398,16,46,"0"
34,"Influenza_H5N1",47,1,"0","Host_City","0","1",287924,7495,8,46,"0"
35,"Influenza_H5N1",27,2,"0","Host_City","0","0",228177,4422,10,38,"0"
36,"Influenza_H5N1",16,1,"0","Tourist_Corridor","0","0",294912,7175,9,38,"0"
37,"Influenza_H5N1",42,3,"0","Host_City","1","0",240873,8817,13,53,"0"
38,"Influenza_H5N1",46,1,"1","Host_City","0","1",242295,8520,13,48,"0"
39,"Influenza_H5N1",34,2,"1","Tourist_Corridor","0","1",179348,9659,11,36,"0"
40,"Influenza_H5N1",34,2,"1","Tourist_Corridor","0","0",201738,10494,13,44,"0"
41,"Influenza_H5N1",34,1,"1","Tourist_Corridor","0","0",238830,7270,12,46,"0"
42,"Influenza_H5N1",35,3,"1","Tourist_Corridor","0","1",243231,6085,13,37,"0"
43,"Influenza_H5N1",30,5,"0","Tourist_Corridor","0","1",212390,7206,11,54,"1"
44,"Influenza_H5N1",19,1,"1","Host_City","0","1",249637,6406,5,26,"0"
45,"Influenza_H5N1",44,4,"1","Host_City","0","0",206984,6894,13,51,"0"
46,"Influenza_H5N1",22,1,"1","Tourist_Corridor","0","1",191380,5815,9,47,"0"
47,"Influenza_H5N1",49,3,"1","Host_City","0","0",138195,6745,11,60,"1"
48,"Influenza_H5N1",50,2,"0","Host_City","0","0",270145,5568,15,45,"0"
49,"Influenza_H5N1",31,2,"0","Tourist_Corridor","0","0",224663,9370,5,48,"0"
50,"Influenza_H5N1",55,1,"0","Host_City","0","0",282590,8874,15,37,"0"
51,"Influenza_H5N1",44,2,"1","Tourist_Corridor","0","0",131748,9699,12,38,"0"
52,"Influenza_H5N1",19,5,"1","Host_City","0","0",205414,8107,9,38,"1"
53,"Influenza_H5N1",39,2,"1","Tourist_Corridor","1","0",276613,5211,13,65,"0"
54,"Influenza_H5N1",24,8,"0","Tourist_Corridor","0","1",231525,9013,10,54,"0"
55,"Influenza_H5N1",31,3,"1","Tourist_Corridor","0","0",227760,8376,13,40,"0"
56,"Influenza_H5N1",41,2,"0","Tourist_Corridor","0","0",226807,8290,15,41,"0"
57,"Influenza_H5N1",24,4,"0","Tourist_Corridor","0","1",238128,9145,9,37,"0"
58,"Influenza_H5N1",48,2,"0","Tourist_Corridor","0","0",189855,9175,12,52,"0"
59,"Influenza_H5N1",16,3,"1","Host_City","0","0",209274,5766,15,33,"0"
60,"Influenza_H5N1",36,6,"1","Host_City","0","0",186326,6648,16,26,"0"
61,"Influenza_H5N1",65,2,"1","Tourist_Corridor","0","1",207548,6553,8,46,"0"
62,"Influenza_H5N1",22,1,"1","Host_City","0","0",250304,9202,6,24,"0"
63,"Influenza_H5N1",30,1,"1","Host_City","0","1",225498,7666,7,61,"0"
64,"Influenza_H5N1",56,1,"1","Host_City","0","0",209868,10093,15,28,"0"
65,"Influenza_H5N1",34,3,"1","Tourist_Corridor","0","0",168552,7250,12,56,"0"
66,"Influenza_H5N1",37,2,"1","Host_City","0","1",255435,9150,13,48,"0"
67,"Influenza_H5N1",46,2,"1","Host_City","0","0",222214,10640,11,46,"0"
68,"Influenza_H5N1",57,3,"0","Tourist_Corridor","0","0",166653,6813,8,52,"0"
69,"Influenza_H5N1",40,3,"0","Host_City","0","0",206599,8347,12,47,"0"
70,"Influenza_H5N1",24,4,"1","Host_City","0","0",197171,8762,2,30,"0"
71,"Influenza_H5N1",72,1,"1","Host_City","0","0",250756,9219,13,39,"0"
72,"Influenza_H5N1",41,3,"0","Host_City","0","1",194109,5812,9,37,"0"
73,"Influenza_H5N1",42,3,"1","Host_City","0","0",225873,7609,13,49,"0"
74,"Influenza_H5N1",38,1,"0","Tourist_Corridor","0","0",254360,8302,9,29,"0"
75,"Influenza_H5N1",30,1,"1","Host_City","0","0",209018,6911,8,40,"0"
76,"Influenza_H5N1",51,4,"1","Host_City","0","0",279703,7936,13,43,"0"
77,"Influenza_H5N1",36,2,"1","Host_City","0","0",237400,7011,16,40,"0"
78,"Influenza_H5N1",66,3,"1","Host_City","0","1",242069,7700,12,32,"0"
79,"Influenza_H5N1",33,1,"1","Host_City","0","1",239710,6323,11,43,"0"
80,"Influenza_H5N1",36,2,"1","Tourist_Corridor","0","0",194332,8328,10,47,"0"
81,"Influenza_H5N1",43,5,"1","Host_City","0","1",180725,5133,9,32,"0"
82,"Influenza_H5N1",32,2,"1","Host_City","0","1",213939,6498,7,57,"0"
83,"Influenza_H5N1",49,2,"1","Tourist_Corridor","0","0",200188,8405,11,36,"0"
84,"Influenza_H5N1",22,1,"1","Host_City","0","1",284405,7375,8,61,"0"
85,"Influenza_H5N1",33,2,"0","Tourist_Corridor","1","1",226862,6633,17,45,"0"
86,"Influenza_H5N1",29,2,"1","Host_City","0","1",197263,6925,7,36,"0"
87,"Influenza_H5N1",33,2,"1","Tourist_Corridor","0","0",242249,6821,10,33,"0"
88,"Influenza_H5N1",42,1,"1","Tourist_Corridor","0","1",160669,9022,11,50,"0"
89,"Influenza_H5N1",32,1,"1","Tourist_Corridor","1","1",197352,8746,16,49,"0"
90,"Influenza_H5N1",33,4,"1","Host_City","0","0",265199,8142,8,43,"0"
91,"Influenza_H5N1",53,1,"0","Host_City","0","0",158155,7656,15,30,"0"
92,"Influenza_H5N1",44,1,"0","Tourist_Corridor","0","0",176312,8835,11,75,"0"
93,"Influenza_H5N1",32,3,"1","Host_City","0","0",188922,9195,9,35,"0"
94,"Influenza_H5N1",40,4,"0","Host_City","0","0",184529,6403,15,42,"0"
95,"Influenza_H5N1",43,4,"1","Host_City","0","0",223493,7075,7,47,"0"
96,"Influenza_H5N1",24,3,"1","Host_City","0","0",234294,6619,13,44,"0"
97,"Influenza_H5N1",55,5,"1","Host_City","0","1",178783,6849,12,36,"0"
98,"Influenza_H5N1",27,2,"1","Tourist_Corridor","0","1",179371,8014,12,59,"0"
99,"Influenza_H5N1",24,2,"1","Tourist_Corridor","0","0",260286,8410,12,37,"0"
100,"Influenza_H5N1",46,3,"1","Host_City","0","0",279331,5420,10,57,"0"
101,"Influenza_H5N1",16,4,"1","Tourist_Corridor","0","0",209047,3313,14,43,"0"
102,"Influenza_H5N1",50,2,"1","Host_City","0","0",269712,8707,13,56,"0"
103,"Influenza_H5N1",45,2,"1","Host_City","0","0",261285,8581,11,42,"0"
104,"Influenza_H5N1",48,1,"1","Tourist_Corridor","0","0",275074,7921,10,47,"0"
105,"Influenza_H5N1",33,1,"1","Host_City","0","1",191532,8756,12,41,"0"
106,"Influenza_H5N1",16,1,"1","Tourist_Corridor","0","0",110016,8417,7,39,"0"
107,"Influenza_H5N1",36,2,"1","Tourist_Corridor","0","0",269247,7823,8,24,"0"
108,"Influenza_H5N1",38,1,"1","Tourist_Corridor","0","1",225377,7419,10,41,"0"
109,"Influenza_H5N1",26,1,"1","Host_City","0","0",233916,7241,10,47,"0"
110,"Influenza_H5N1",24,1,"0","Host_City","1","0",209253,11365,10,39,"0"
111,"Influenza_H5N1",58,2,"1","Host_City","1","0",259015,3089,10,35,"0"
112,"Influenza_H5N1",27,2,"1","Host_City","0","1",209704,9652,12,54,"0"
113,"Influenza_H5N1",55,2,"0","Tourist_Corridor","0","0",203876,7590,9,51,"0"
114,"Influenza_H5N1",44,1,"1","Host_City","0","0",195057,7300,15,38,"0"
115,"Influenza_H5N1",59,5,"1","Host_City","0","1",223152,5762,6,31,"0"
116,"Influenza_H5N1",16,2,"1","Host_City","0","1",273733,8130,12,51,"0"
117,"Influenza_H5N1",43,5,"0","Host_City","0","0",135942,9262,7,38,"0"
118,"Influenza_H5N1",66,1,"1","Host_City","0","1",189254,6558,9,32,"0"
119,"Influenza_H5N1",42,4,"1","Tourist_Corridor","0","0",224073,6959,8,61,"0"
120,"Influenza_H5N1",16,1,"1","Host_City","0","0",282614,7226,7,43,"0"
121,"Influenza_H5N1",43,3,"1","Tourist_Corridor","1","0",134619,7831,11,42,"0"
122,"Influenza_H5N1",58,5,"0","Host_City","0","0",219298,8038,11,33,"0"
123,"Influenza_H5N1",40,1,"0","Host_City","0","0",200139,6764,9,45,"0"
124,"Influenza_H5N1",20,4,"1","Host_City","0","0",233145,6926,16,46,"0"
125,"Influenza_H5N1",37,1,"1","Tourist_Corridor","0","1",162676,6822,8,61,"0"
126,"Ebola_Bundibugyo",26,9,"0","Host_City","1","0",66118,2932,23,4,"0"
127,"Ebola_Bundibugyo",43,6,"0","Host_City","1","0",41897,2868,19,5,"1"
128,"Ebola_Bundibugyo",37,10,"0","Host_City","1","0",70144,2382,25,5,"0"
129,"Ebola_Bundibugyo",59,8,"0","Host_City","1","0",32415,3525,26,2,"0"
130,"Ebola_Bundibugyo",40,8,"0","Host_City","1","1",89269,2980,20,3,"1"
131,"Ebola_Bundibugyo",41,12,"0","Tourist_Corridor","1","1",40974,2125,6,1,"0"
132,"Ebola_Bundibugyo",52,7,"0","Host_City","1","0",75011,2623,5,4,"1"
133,"Ebola_Bundibugyo",41,12,"0","Tourist_Corridor","1","0",41315,2492,20,2,"0"
134,"Ebola_Bundibugyo",41,9,"0","Host_City","1","0",89777,2510,20,7,"1"
135,"Ebola_Bundibugyo",61,7,"0","Host_City","0","1",36630,3022,22,1,"0"
136,"Ebola_Bundibugyo",35,7,"0","Host_City","1","0",95310,3465,6,6,"0"
137,"Ebola_Bundibugyo",28,9,"0","Host_City","1","0",79399,3806,22,5,"1"
138,"Ebola_Bundibugyo",24,8,"0","Tourist_Corridor","1","1",62553,3200,20,7,"1"
139,"Ebola_Bundibugyo",32,15,"0","Host_City","1","0",106015,3046,9,7,"1"
140,"Ebola_Bundibugyo",58,12,"0","Host_City","1","1",64170,2636,5,5,"0"
141,"Ebola_Bundibugyo",40,8,"0","Host_City","1","1",77888,2634,7,5,"0"
142,"Ebola_Bundibugyo",28,13,"0","Host_City","1","0",57285,2729,21,6,"1"
143,"Ebola_Bundibugyo",57,5,"0","Host_City","1","1",30572,3040,28,3,"0"
144,"Ebola_Bundibugyo",32,8,"0","Host_City","1","0",76361,3193,19,7,"0"
145,"Ebola_Bundibugyo",31,8,"0","Host_City","1","1",65956,4232,7,4,"0"
146,"Ebola_Bundibugyo",30,8,"0","Host_City","1","0",99595,2313,8,6,"1"
147,"Ebola_Bundibugyo",41,8,"0","Host_City","1","0",94479,1521,31,5,"1"
148,"Ebola_Bundibugyo",31,12,"0","Host_City","1","0",99485,3124,7,4,"1"
149,"Ebola_Bundibugyo",30,8,"0","Host_City","1","0",76271,2470,10,5,"1"
150,"Ebola_Bundibugyo",36,5,"0","Host_City","1","1",64815,4036,24,3,"0"
151,"Ebola_Bundibugyo",28,7,"0","Tourist_Corridor","1","0",76177,2281,4,6,"1"
152,"Ebola_Bundibugyo",36,8,"0","Host_City","1","1",106393,3746,26,4,"1"
153,"Ebola_Bundibugyo",50,7,"0","Host_City","1","0",66365,1612,10,8,"1"
154,"Ebola_Bundibugyo",45,12,"0","Host_City","1","0",49052,3536,23,6,"0"
155,"Ebola_Bundibugyo",36,8,"0","Host_City","1","0",79152,2809,17,7,"0"
156,"Ebola_Bundibugyo",41,9,"0","Host_City","1","0",88034,2869,6,6,"1"
157,"Ebola_Bundibugyo",38,9,"0","Host_City","1","1",56359,2866,6,4,"1"
158,"Ebola_Bundibugyo",68,10,"0","Host_City","1","0",52002,3787,24,4,"0"
159,"Ebola_Bundibugyo",36,8,"0","Host_City","1","0",79200,2061,22,6,"1"
160,"Ebola_Bundibugyo",41,7,"0","Host_City","1","0",72799,3252,22,0,"0"
161,"Ebola_Bundibugyo",59,11,"0","Tourist_Corridor","1","1",50332,2809,27,8,"1"
162,"Ebola_Bundibugyo",51,8,"0","Tourist_Corridor","1","1",66287,1938,5,3,"1"
163,"Ebola_Bundibugyo",39,12,"0","Tourist_Corridor","1","1",69262,1688,20,4,"0"
164,"Ebola_Bundibugyo",59,10,"0","Host_City","1","1",64264,3433,8,4,"0"
165,"Ebola_Bundibugyo",58,8,"0","Host_City","1","1",82031,2643,7,7,"1"
166,"Ebola_Bundibugyo",21,7,"0","Tourist_Corridor","1","1",45977,2566,8,6,"0"
167,"Ebola_Bundibugyo",60,11,"0","Host_City","1","0",61078,3482,30,4,"0"
168,"Ebola_Bundibugyo",30,9,"0","Host_City","1","1",77685,3830,22,1,"0"
169,"Ebola_Bundibugyo",49,5,"0","Host_City","1","1",64614,2008,18,5,"1"
170,"Ebola_Bundibugyo",49,11,"0","Host_City","1","0",75001,2691,16,4,"0"
171,"Ebola_Bundibugyo",26,7,"0","Tourist_Corridor","1","1",87217,3152,26,5,"0"
172,"Ebola_Bundibugyo",59,6,"0","Host_City","1","0",80096,3491,7,2,"0"
173,"Ebola_Bundibugyo",28,9,"0","Host_City","1","0",94649,1645,19,5,"1"
174,"Ebola_Bundibugyo",39,10,"0","Tourist_Corridor","1","0",59941,3165,18,6,"0"
175,"Ebola_Bundibugyo",17,12,"0","Host_City","1","0",71501,3449,26,4,"1"
176,"Ebola_Bundibugyo",19,8,"0","Host_City","1","0",58107,1966,27,5,"0"
177,"Ebola_Bundibugyo",35,6,"0","Host_City","1","0",63451,2243,24,6,"0"
178,"Ebola_Bundibugyo",48,4,"0","Host_City","1","1",74107,2286,4,8,"0"
179,"Ebola_Bundibugyo",50,12,"0","Host_City","1","0",106365,3496,30,5,"1"
180,"Ebola_Bundibugyo",33,6,"0","Host_City","1","0",95410,3556,7,3,"0"
181,"Ebola_Bundibugyo",47,8,"0","Host_City","1","0",96655,3463,32,5,"0"
182,"Ebola_Bundibugyo",46,10,"0","Tourist_Corridor","1","1",51427,2668,4,6,"1"
183,"Ebola_Bundibugyo",58,11,"0","Host_City","1","0",79456,2243,29,4,"1"
184,"Ebola_Bundibugyo",16,11,"0","Host_City","1","0",72973,4287,22,3,"0"
185,"Ebola_Bundibugyo",41,13,"0","Tourist_Corridor","1","1",96122,2232,19,2,"1"
186,"Ebola_Bundibugyo",27,10,"0","Host_City","1","0",85474,2095,6,3,"0"
187,"Ebola_Bundibugyo",44,10,"0","Tourist_Corridor","1","0",107766,3215,6,1,"0"
188,"Ebola_Bundibugyo",33,7,"0","Tourist_Corridor","1","1",57696,2038,25,4,"1"
189,"Ebola_Bundibugyo",38,6,"0","Host_City","1","1",81134,2890,21,2,"1"
190,"Ebola_Bundibugyo",42,9,"0","Host_City","1","0",29259,3341,8,4,"1"
191,"Ebola_Bundibugyo",47,13,"0","Host_City","1","1",73560,1518,24,5,"1"
192,"Ebola_Bundibugyo",35,9,"0","Tourist_Corridor","1","0",54518,3092,10,4,"1"
193,"Ebola_Bundibugyo",34,12,"0","Host_City","1","1",73381,2415,9,6,"0"
194,"Ebola_Bundibugyo",27,5,"0","Host_City","1","1",111452,2186,24,8,"0"
195,"Ebola_Bundibugyo",40,12,"0","Host_City","1","0",69308,4202,6,5,"0"
196,"Ebola_Bundibugyo",44,8,"0","Host_City","1","0",58436,3285,7,8,"1"
197,"Ebola_Bundibugyo",20,4,"0","Host_City","1","0",25676,2865,25,5,"0"
198,"Ebola_Bundibugyo",38,6,"0","Host_City","1","0",101005,4182,5,5,"0"
199,"Ebola_Bundibugyo",52,8,"0","Host_City","1","0",50077,2646,6,6,"1"
200,"Ebola_Bundibugyo",16,11,"0","Tourist_Corridor","1","0",62937,3240,9,6,"0"
201,"Ebola_Bundibugyo",44,3,"0","Tourist_Corridor","1","1",68127,3395,18,6,"0"
202,"Ebola_Bundibugyo",52,5,"0","Host_City","1","0",65973,3704,4,6,"0"
203,"Ebola_Bundibugyo",41,7,"0","Host_City","1","0",126102,2992,30,4,"0"
204,"Ebola_Bundibugyo",26,9,"0","Host_City","1","0",66974,3381,8,2,"1"
205,"Ebola_Bundibugyo",38,9,"0","Host_City","1","1",45119,3057,21,4,"1"
206,"Ebola_Bundibugyo",38,8,"0","Host_City","1","0",75593,1374,9,8,"0"
207,"Ebola_Bundibugyo",52,10,"0","Host_City","1","1",67416,3374,8,8,"0"
208,"Ebola_Bundibugyo",27,7,"0","Host_City","1","0",60631,3562,27,4,"0"
209,"Ebola_Bundibugyo",52,10,"0","Host_City","1","1",57225,2659,27,6,"1"
210,"Ebola_Bundibugyo",19,6,"0","Host_City","1","0",75234,3284,25,2,"1"
211,"Ebola_Bundibugyo",37,12,"0","Tourist_Corridor","1","0",108965,1391,7,0,"0"
212,"Ebola_Bundibugyo",58,9,"0","Host_City","1","0",60631,816,27,4,"0"
213,"Ebola_Bundibugyo",57,9,"0","Tourist_Corridor","1","0",56738,2813,6,0,"1"
214,"Ebola_Bundibugyo",50,5,"0","Host_City","1","0",92952,2803,25,8,"1"
215,"Ebola_Bundibugyo",52,8,"0","Tourist_Corridor","1","0",91826,2754,26,2,"0"
216,"Ebola_Bundibugyo",24,13,"0","Host_City","1","1",53867,2611,25,6,"1"
217,"Ebola_Bundibugyo",31,6,"0","Tourist_Corridor","1","1",89048,2453,21,2,"1"
218,"Ebola_Bundibugyo",18,13,"0","Tourist_Corridor","1","0",92285,2116,31,1,"0"
219,"Ebola_Bundibugyo",48,11,"0","Host_City","0","0",96160,1730,30,4,"0"
220,"Ebola_Bundibugyo",32,6,"0","Host_City","1","0",61311,3655,9,3,"0"
221,"Ebola_Bundibugyo",45,13,"0","Tourist_Corridor","1","0",91893,3001,26,3,"0"
222,"Ebola_Bundibugyo",24,7,"0","Host_City","1","0",96628,1869,23,2,"1"
223,"Ebola_Bundibugyo",27,12,"0","Host_City","1","0",68224,2621,20,5,"1"
224,"Ebola_Bundibugyo",66,16,"0","Host_City","1","1",95573,1077,22,4,"1"
225,"Ebola_Bundibugyo",34,24,"0","Host_City","1","1",81384,2750,6,0,"1"
226,"Ebola_Bundibugyo",48,8,"0","Host_City","1","0",77965,1962,9,3,"0"
227,"Ebola_Bundibugyo",36,10,"0","Host_City","1","1",83421,2062,26,8,"0"
228,"Ebola_Bundibugyo",44,4,"0","Host_City","1","0",67455,1871,28,4,"0"
229,"Ebola_Bundibugyo",34,7,"0","Host_City","1","0",82635,1728,8,3,"1"
230,"Ebola_Bundibugyo",40,9,"0","Host_City","1","0",51080,1882,21,8,"0"
231,"Ebola_Bundibugyo",53,12,"0","Host_City","1","0",47873,3009,9,6,"0"
232,"Ebola_Bundibugyo",40,11,"0","Tourist_Corridor","1","0",103376,3273,30,5,"1"
233,"Ebola_Bundibugyo",47,8,"0","Host_City","1","0",98467,2712,32,5,"1"
234,"Ebola_Bundibugyo",44,8,"0","Host_City","1","0",118985,2837,21,3,"1"
235,"Ebola_Bundibugyo",18,10,"0","Tourist_Corridor","1","1",82164,2932,9,6,"1"
236,"Ebola_Bundibugyo",30,18,"0","Tourist_Corridor","1","1",75988,3752,31,3,"1"
237,"Ebola_Bundibugyo",23,10,"0","Host_City","1","0",69719,3155,23,3,"0"
238,"Ebola_Bundibugyo",45,5,"0","Host_City","1","0",41772,2196,9,5,"1"
239,"Ebola_Bundibugyo",44,8,"0","Tourist_Corridor","1","1",83671,1268,5,3,"0"
240,"Ebola_Bundibugyo",46,17,"0","Host_City","1","0",37738,2863,5,5,"0"
241,"Ebola_Bundibugyo",43,10,"0","Host_City","1","0",80649,2107,6,6,"0"
242,"Ebola_Bundibugyo",56,11,"0","Host_City","1","0",45142,3706,21,5,"1"
243,"Ebola_Bundibugyo",41,5,"0","Host_City","1","1",66511,2134,24,5,"1"
244,"Ebola_Bundibugyo",29,9,"0","Host_City","1","0",89636,3570,20,2,"1"
245,"Ebola_Bundibugyo",55,11,"0","Host_City","1","0",51313,3780,7,3,"1"
246,"Ebola_Bundibugyo",32,5,"0","Host_City","1","1",58659,3116,17,7,"0"
247,"Ebola_Bundibugyo",16,16,"0","Host_City","1","1",99314,2529,25,3,"1"
248,"Ebola_Bundibugyo",47,16,"0","Host_City","1","0",102721,2528,6,4,"0"
249,"Ebola_Bundibugyo",43,11,"0","Host_City","1","0",54013,1272,22,2,"1"
250,"Ebola_Bundibugyo",42,9,"0","Host_City","1","0",71469,1499,20,4,"1"
